"","Element_ID","ElementName","Baltimore Washington Medical Center Department of Emergency Medicine","Beloit Memorial Hospital","Bon Secours Hospital","Bronson Battle Creek","Bronson LakeView Hospital","Bronson Methodist Hospital","CHI Baylor St. Luke's CEC Holcombe","CHI Baylor-St. Luke's CEC Pearland","CHI Baylor-St. Luke's CEC San Felipe","CHI Baylor-St. Luke's Medical Center, Texas Medical Center campus ","CHI St. Luke's Lakeside Hospital","CHI St. Luke's Springwoods Village Hospital","CHI St. Luke's Sugarland Hospital","CHI St. Luke's Vintage Hospital","CHI St. Luke's Woodlands Hospital","Cape Canaveral Hospital","Carolina East Medical Center (CRAV)","Carolinas HealthCare System Harrisburg (HARG)","Carolinas HealthCare System Kannapolis (KANN)","Carolinas HealthCare System Lincoln (LINC)","Carolinas HealthCare System NorthEast (NORT)","Carolinas HealthCare System Pineville (PINE)","Carolinas HealthCare System SouthPark (MORR)","Carolinas HealthCare System Steele Creek (STEE)","Carolinas HealthCare System University (UNIV)","Carolinas Medical Center - Huntersville (HUNT)","Carolinas Medical Center - Mercy (MERC)","Carson Valley Medical Center","Carteret Health Care (CART)","Centinela Hospital Medical Center","CentraCare Health St. Cloud Hospital","Coast Plaza Hospital","College Medical Center","Doctors Hospital at Renaissance","East Los Angeles Doctors Hospital","Emerson Hospital","Fairview Ridges Hospital","Fairview Southdale Hospital","Flagstaff Medical Center","Florida Hospital Carrollwood (CARO)","Florida Hospital Heartland Medical Center (HART)","Florida Hospital Lake Placid (PLAC)","Florida Hospital North Pinellas (NPIN)","Florida Hospital Tampa (TAMP)","Florida Hospital Wauchula (WAUC)","Florida Hospital Wesley Chapel (WECH)","Florida Hospital Zephyrhills (FLOZ)","Gila Regional Medical Center","Goleta Valley Cottage Hospital","Health Partners Methodist Hospital","Hollywood Presbyterian Medical Center","Holmes Regional Medical Center","Holy Family Hospital","Indian River Medical Center","Inspira Health Center Bridgeton SED","Inspira Medical Center Elmer","Inspira Medical Center Vineland ED","Little Company of Mary Hospital (Providence)","Memorial Hospital of Gardena","Mercy Health - Clermont Hospital (MEHE)","Mercy Medical Center","Mission Community Hospital","Mt. San Rafael Hospital","MultiCare Auburn Medical Center","North Mississippi Medical Center","NorthPointe Immediate Care","Norton Women and Childrens Hospital","Olathe Medical Center","Palm Bay Hospital","Palm Harbor Emergency Room (PALM)","Parkview Community Hospital Medical Center","Penn Highlands Brookville","Penn Highlands Clearfield","Penn Highlands Elk","Providence Regional Medical Center","Providence St.Joseph Medical Center","Providence Tarzana Medical Center","Queen Anne's Emergency Center (UMMS)","Queen's Medical Center West","Rhode Island Hospital","Robert Wood Johnson University Hospital","SMRMC","Sacred Heart Medical Center","Sacred Heart Medical Center Pediatrics","Santa Barbara Cottage Hospital","Shasta Regional Medical Center","St. Joseph's/Candler","Swedish Issaquah","Swedish Medical Center Cherry Hill Campus","Swedish Medical Center First Hill Campus","Swedish Mill Creek","Swedish Redmond Campus","Telluride Regional Medical Center ED","The Miriam Hospital","The Queens Medical Center","The Urgency Room - Eagan","The Urgency Room - Vadnais","The Urgency Room - Woodbury","The Valley Hospital","UM Shore Medical Center at Dorchester (UMMS)","UM Shore Medical Center at Easton (UMMS)","UMMC Midtown Campus (UMMS)","University of Maryland Harford Memorial Hospital (UMMS)","University of Maryland Medical Center (UMMS)","University of Maryland Upper Chesapeake Medical Center (UMMS)","Urgent Care at Doctors Hospital at Renaissance","Valley Presbyterian Hospital","Viera Hospital"
"1","6100","Diagnosis of minor blunt head trauma (non-penetrating injuries)",0.0365905917805947,0.0243325447786414,0.000180954535173038,0.0327899179095849,0.0220290481075536,0.0309669091762497,0.0312281371239585,0.0268972142170989,0.0410639290713952,0.0281120969867346,0.0263029712615684,0.0422255340288127,0.0391255243626976,0.0402654470451081,0.0370322075889947,0.037473725696269,0.0297024511731551,0.0392258734900636,0.031118731247321,0.0390164995147202,0.0474445515911283,0.0340627973358706,0.0466200466200466,0.0401850245735762,0.0310547396528705,0.0461481890053319,0.0258875115945695,0.0481462409886715,0.039938080495356,0.0320957877508829,0.0378282469836764,0.0364650921359979,0.0288153681963714,0.0230329832319882,0.0337797321607036,0.0534767413834659,0.0425880963317803,0.0480055429080471,0.0585431995373971,0.0243707550938873,0.0334991708126036,0.0300140252454418,0.0416239653133622,0.0358250419950898,0.0344519586576496,0.0397108879270496,0.0331350517735184,0.03001053001053,0.045311004784689,0.0584996558843772,0.0275060957234048,0.041050084329398,0.0374030131171497,0.0276840874937385,0.027371913481784,0.0334694643946862,0.04063864704737,0.0407712875068966,0.0339533510481252,0.0300695249130939,0.0149215742419904,0.0241502683363148,0.0254947714112868,0.0305179768433882,0.0310079488026005,0.0127300226871691,0.0449043342444358,0.0430734168972815,0.0313864306784661,0.0343527440301634,0.0356054375695419,0.0392351626520983,0.027765590723911,0.0345488081725312,0.031005207154177,0.0421422951890391,0.035467844327905,0.0210117291501763,0.034230720668902,0.0338777480776704,0.237925714963807,0.0260537778796712,0.0338474979664387,0.0655246411129199,0.0446939921392476,0.0256683271856105,0.226779105745313,0.0547963558413719,0.029176497669333,0.0279949998546469,0.0456706165988127,0.0548741123305358,0.043046357615894,0.0180784946605776,0.0511217710610659,0.0293423271500843,0.0322739187418086,0.0240445859872611,0.0595037939151157,0.0147147641794323,0.0192769431295877,0.0147276616751687,0.0200851345208084,0.0156722187082718,0.0291059574101216,0.00937245313773431,0.0265062727580971,0.044913541432742
"2","6105","Onset date and timing of diagnosis of minor blunt head trauma",0.0365905917805947,0.0243325447786414,0.000180954535173038,0.0327899179095849,0.0220290481075536,0.0309669091762497,0.0312281371239585,0.0268972142170989,0.0410639290713952,0.0281120969867346,0.0263029712615684,0.0422255340288127,0.0391255243626976,0.0402654470451081,0.0370322075889947,0.037473725696269,0.0297024511731551,0.0392258734900636,0.031118731247321,0.0390164995147202,0.0474445515911283,0.0340627973358706,0.0466200466200466,0.0401850245735762,0.0310547396528705,0.0461481890053319,0.0258875115945695,0.0481462409886715,0.039938080495356,0.0320957877508829,0.0378282469836764,0.0364650921359979,0.0288153681963714,0.0230329832319882,0.0337797321607036,0.0534767413834659,0.0425880963317803,0.0480055429080471,0.0585431995373971,0.0243707550938873,0.0334991708126036,0.0300140252454418,0.0416239653133622,0.0358250419950898,0.0344519586576496,0.0397108879270496,0.0331350517735184,0.03001053001053,0.045311004784689,0.0584996558843772,0.0275060957234048,0.041050084329398,0.0374030131171497,0.0276840874937385,0.027371913481784,0.0334694643946862,0.04063864704737,0.0407712875068966,0.0339533510481252,0.0300695249130939,0.0149215742419904,0.0241502683363148,0.0254947714112868,0.0305179768433882,0.0310079488026005,0.0127300226871691,0.0449043342444358,0.0430734168972815,0.0313864306784661,0.0343527440301634,0.0356054375695419,0.0392351626520983,0.027765590723911,0.0345488081725312,0.031005207154177,0.0421422951890391,0.035467844327905,0.0210117291501763,0.034230720668902,0.0338777480776704,0.237925714963807,0.0260537778796712,0.0338474979664387,0.0655246411129199,0.0446939921392476,0.0256683271856105,0.226779105745313,0.0547963558413719,0.029176497669333,0.0279949998546469,0.0456706165988127,0.0548741123305358,0.043046357615894,0.0180784946605776,0.0511217710610659,0.0293423271500843,0.0322739187418086,0.0240445859872611,0.0595037939151157,0.0147147641794323,0.0192769431295877,0.0147276616751687,0.0200851345208084,0.0156722187082718,0.0291059574101216,0.00937245313773431,0.0265062727580971,0.044913541432742
"3","6110","Documentation of Glasgow Coma Scale (GCS) score",0.0692691558037627,0.631242363584371,0,0,0,7.04060079793476e-05,0,0,0,0,0,0,0,0,0,0.173147661586968,0.11852143138026,0,0,0,0,0,0,0,0,0,0,0,0,0.188663967611336,0.184669978708304,0.0282247599273294,0.743729989327641,0,0.0373775734559264,0.0988189925283201,0.233151781612967,0.6601999406117,0,0.626448262085497,0.630135039090263,0.147545582047686,0.459992116673236,0.622334926993152,0.224448130662243,0.6425179644493,0.664771976206213,0,0.0380382775119617,0.187933012158752,0,0.24591919043778,0.0153091402526008,0.808382033728502,0.394181075735341,0.262545181429846,0.496217073238575,0.0108223577178265,0.0254650132860939,0,0,0,0.531674012617751,0.000170627666057282,0,0.662843458532896,0,0.0759889304899886,0.254725663716814,0.00900712191034772,0,0.594859697044947,0.504167972422438,0,0.0287525469775866,0.00338444639066605,0.00291786601474705,0.548031949341585,0.8773165359633,0.3229867056039,0,0.00768021484950709,0.018437622390263,0.0179073553352079,0.0528017967434026,0.220481423736548,0,0.0054930332261522,0.0913276169649537,0.106427512427687,0.000909773239020174,0.0012911555842479,0,0.240531538646431,0.893224799949059,0,0,0,0,0.837094383132927,0.236537010358784,0,0,0,0,0,0,0.154592409611498
"4","6115","Onset date and timing of documentation of Glasgow Coma Scale (GCS) score",0.0692691558037627,0.631242363584371,0,0,0,7.04060079793476e-05,0,0,0,0,0,0,0,0,0,0.173147661586968,0.11852143138026,0,0,0,0,0,0,0,0,0,0,0,0,0.188663967611336,0.184669978708304,0.0282247599273294,0.764274279615795,0,0.0373775734559264,0.0988189925283201,0.233151781612967,0.6601999406117,0,0.626448262085497,0.630135039090263,0.147545582047686,0.459992116673236,0.622334926993152,0.224448130662243,0.6425179644493,0.664771976206213,0,0.0380382775119617,0.187933012158752,0,0.24591919043778,0.0153091402526008,0.808382033728502,0.394181075735341,0.262545181429846,0.496217073238575,0.0108223577178265,0.0254650132860939,0,0,0,0.531674012617751,0.000170627666057282,0,0.662843458532896,0,0.0759889304899886,0.254725663716814,0.00900712191034772,0,0.594859697044947,0.504167972422438,0,0.0287525469775866,0.00338444639066605,0.00291786601474705,0.548031949341585,0.8773165359633,0.3229867056039,0,0.00768021484950709,0.018437622390263,0.0179073553352079,0.0528017967434026,0.220481423736548,0,0.0054930332261522,0.0913276169649537,0.106427512427687,0.000909773239020174,0.0012911555842479,0,0.240531538646431,0.893224799949059,0,0,0,0,0.837094383132927,0.236537010358784,0,0,0,0,0,0,0.154592409611498
"5","6120","Head CT for trauma ordered",0.145685019560139,0.0729976343359243,0.0626555078036643,0.00920337611284542,0.00296960207332217,0.0143393569584605,0.113146346117153,0.0680969153591632,0.0934826567117748,0.190635157691294,0.120311738918656,0.113760556383507,0.163923846402065,0.159895973455295,0.151714695527448,0.0218405149763531,0.0978372001572945,0.0649434991557345,0.0557222460351479,0.121384665156907,0.192189006750241,0.162169362511893,0.0850815850815851,0.0619832321480197,0.0657142857142857,0.0713366427652142,0.0827219833038199,0.072605561277034,0.12703818369453,0.0337152209492635,0,0,0.179028815368196,0,0,0.20414557724753,0.0534811995537765,0.0959121053152529,0,0.0979824210946864,0.13513385453684,0.112482468443198,0.163500197083169,0.143510143429384,0.0741355110373868,0.151111484640921,0.129896452963208,0,0.181578947368421,0.172356044964441,0.0187392126243117,0.0343770624037545,0.0218851118611043,0.0504257805977626,0.0200344541568302,0.0042247570764681,0.0123501432505355,0.0030840182777597,0,0.0925840092699884,0,0,0.177772016247515,0.197416209628275,0,0.0171414166876733,0,0.0121113462477617,0.0225840707964602,0.072685379136992,0,0,0,0,0,0.0071103062330221,0,0.0703029430812405,0.0800914689749021,0.253900592301261,0.0252758988964044,0.000393017391019553,0,0,0.278877035373386,0.0247937027037305,0,0.0234793676312969,0.0472463601312079,0.0431698595889415,0.00909773239020174,0.00763933720680009,0.0413907284768212,0.227346083851252,0.113132256489716,0.0237774030354132,0.0291612057667104,0.0202229299363057,0,0.2149014440235,0.183885573163202,0.111239098239263,0,0.118677817602549,0,0,0,0.0164832697058163
"6","6125","Onset date and timing of head CT for trauma ordered",0.145685019560139,0.0729976343359243,0.0626555078036643,0.00920337611284542,0.00296960207332217,0.0143393569584605,0.113146346117153,0.0680969153591632,0.0934826567117748,0.190635157691294,0.120311738918656,0.113760556383507,0.163923846402065,0.159895973455295,0.151714695527448,0.0218405149763531,0.0978372001572945,0.0649434991557345,0.0557222460351479,0.121384665156907,0.192189006750241,0.162169362511893,0.0850815850815851,0.0619832321480197,0.0657142857142857,0.0713366427652142,0.0827219833038199,0.072605561277034,0.12703818369453,0.0337152209492635,0,0,0.18209711846318,0,0,0.20414557724753,0.0534811995537765,0.0959121053152529,0,0.0979824210946864,0.13513385453684,0.112482468443198,0.163500197083169,0.143510143429384,0.0741355110373868,0.151111484640921,0.129896452963208,0,0.181578947368421,0.172356044964441,0.0187392126243117,0.0343770624037545,0.0218851118611043,0.0504257805977626,0.0200344541568302,0.0042247570764681,0.0123501432505355,0.0030840182777597,0,0.0925840092699884,0,0,0.177772016247515,0.197416209628275,0,0.0171414166876733,0,0.0121113462477617,0.0225840707964602,0.072685379136992,0,0,0,0,0,0.0071103062330221,0,0.0703029430812405,0.0800914689749021,0.253900592301261,0.0252758988964044,0.000393017391019553,0,0,0.278877035373386,0.0247937027037305,0,0.0234793676312969,0.0472463601312079,0.0431698595889415,0.00909773239020174,0.00763933720680009,0.0413907284768212,0.227346083851252,0.113132256489716,0.0237774030354132,0.0291612057667104,0.0202229299363057,0,0.2149014440235,0.183885573163202,0.111239098239263,0,0.118677817602549,0,0,0,0.0164832697058163
"7","6130","Diagnosis of Ventricular shunt",1.38234196375499e-05,0,0,0,0,0.000129077681295471,0.000127202187877632,0,0,0.000790652727751911,0,0,0,0,0.000260790194288695,0,2.62157556691572e-05,0,0,6.47039792947266e-05,0,0,0,0,0,0.000367714653428939,0,0.000257466529351184,0,5.16840382461883e-05,0.00014194464158978,0,0,0.000207296849087894,0,6.02554832489757e-05,0.00026248441498786,0,0.000299096727881797,4.99400719137036e-05,0.000142146410803127,0.000280504908835905,0.000157666535277887,0.000193823491407159,0,0,4.40625688477638e-05,8.77500877500877e-05,0.000143540669856459,6.88231245698555e-05,0,0,1.73967502870464e-05,6.678911337452e-05,0,0,0,0.000113174982670081,0,5.79374275782155e-05,0,0,0,2.4375380865326e-05,0,0,0.000185939272233688,6.51147647729123e-05,0,0,2.41884766097431e-05,0.000124161907126893,0,7.09421112372304e-05,9.05592030790129e-05,4.45321893508691e-05,0,0,5.61159355227901e-05,0.00115398655252405,0.00189865907203038,0,0.000120507335884072,0.000221992008287702,0.000157215047725997,0,0,3.34941050375134e-05,0.000230189330724521,0.00020349428762464,0,0,0,0.000223191292105896,0.000191030076624286,0,0,0,5.84803871401629e-05,0,0,0,0,7.02790076604118e-05,0,0,0,0
"8","6135","Onset date and timing of diagnosis of Ventricular shunt",1.38234196375499e-05,0,0,0,0,0.000129077681295471,0.000127202187877632,0,0,0.000790652727751911,0,0,0,0,0.000260790194288695,0,2.62157556691572e-05,0,0,6.47039792947266e-05,0,0,0,0,0,0.000367714653428939,0,0.000257466529351184,0,5.16840382461883e-05,0.00014194464158978,0,0,0.000207296849087894,0,6.02554832489757e-05,0.00026248441498786,0,0.000299096727881797,4.99400719137036e-05,0.000142146410803127,0.000280504908835905,0.000157666535277887,0.000193823491407159,0,0,4.40625688477638e-05,8.77500877500877e-05,0.000143540669856459,6.88231245698555e-05,0,0,1.73967502870464e-05,6.678911337452e-05,0,0,0,0.000113174982670081,0,5.79374275782155e-05,0,0,0,2.4375380865326e-05,0,0,0.000185939272233688,6.51147647729123e-05,0,0,2.41884766097431e-05,0.000124161907126893,0,7.09421112372304e-05,9.05592030790129e-05,4.45321893508691e-05,0,0,5.61159355227901e-05,0.00115398655252405,0.00189865907203038,0,0.000120507335884072,0.000221992008287702,0.000157215047725997,0,0,3.34941050375134e-05,0.000230189330724521,0.00020349428762464,0,0,0,0.000223191292105896,0.000191030076624286,0,0,0,5.84803871401629e-05,0,0,0,0,7.02790076604118e-05,0,0,0,0
"9","6140","Diagnosis of Brain Tumor",0.000608230464052197,0.000285959393766085,0.000180954535173038,0.000323736848190542,0,0.000492842055855433,0.000318005469694079,0,0,0.000527101818501274,0.000487092060399416,0.000993541977148535,0.000564698289770894,0.000358712223119003,0.000521580388577389,0.000394114555964267,0.000524315113383143,0.000519547993245876,0.000171453064723532,0.00038822387576836,0.000626808100289296,0.000647002854424358,0.000388500388500389,0.000173460537727667,0.000293724966622163,0.00018385732671447,8.43241420018551e-05,0,0.000412796697626419,0.000430700318718236,0.00120652945351313,0.00051907604464054,0.000200106723585912,0.000760088446655611,0.000299820107935239,0.000331405157869366,0.000590589933722685,0.000593883005048006,0.000558313892046021,0,0.000615967780146885,0.000561009817671809,0.000630666141111549,0.000484558728517896,0.000127599846880184,0.000378198932638568,0.000660938532716457,0.000351000351000351,0.000239234449760766,0.00268410185822436,5.47930193693323e-05,0.000557307325658136,0.000869837514352319,0.00056770746368342,0,0,0,0.000778078005856805,0.000196831020568842,0.000231749710312862,0.00015907861665235,5.59033989266547e-05,0.000259268861809697,0.000438756855575868,0.000292048657845951,0,0.00065078745281791,0.000325573823864561,0.000306784660766962,0.000209467951403435,0.000193507812877945,0.00037248572138068,0.000188028831087433,0.000354710556186152,0.00112067013810278,0.000816423471432601,7.88612436418122e-05,0,0.000771594113438364,0.00274366190549086,0.00830663344013291,0.000229260144761406,0.000346458590666707,7.39973360959005e-05,0.00112296462661426,7.60543027721793e-05,9.10028514226779e-05,0.000502411575562701,0.0024745353052886,0.000872118375534173,0,0.000107596298687325,0,0.000738248120042578,0.00224990979135271,0.000168634064080944,0,0,0.00138890919457887,5.49058364904189e-05,0.000343006105508678,0.000123416159289123,8.26548745712278e-05,0.00077306908426453,0.00032761444952151,0,2.94841743694072e-05,0.000583876038625646
"10","6145","Onset date and timing of diagnosis of Brain Tumor",0.000608230464052197,0.000285959393766085,0.000180954535173038,0.000323736848190542,0,0.000492842055855433,0.000318005469694079,0,0,0.000527101818501274,0.000487092060399416,0.000993541977148535,0.000564698289770894,0.000358712223119003,0.000521580388577389,0.000394114555964267,0.000524315113383143,0.000519547993245876,0.000171453064723532,0.00038822387576836,0.000626808100289296,0.000647002854424358,0.000388500388500389,0.000173460537727667,0.000293724966622163,0.00018385732671447,8.43241420018551e-05,0,0.000412796697626419,0.000430700318718236,0.00120652945351313,0.00051907604464054,0.000200106723585912,0.000760088446655611,0.000299820107935239,0.000331405157869366,0.000590589933722685,0.000593883005048006,0.000558313892046021,0,0.000615967780146885,0.000561009817671809,0.000630666141111549,0.000484558728517896,0.000127599846880184,0.000378198932638568,0.000660938532716457,0.000351000351000351,0.000239234449760766,0.00268410185822436,5.47930193693323e-05,0.000557307325658136,0.000869837514352319,0.00056770746368342,0,0,0,0.000778078005856805,0.000196831020568842,0.000231749710312862,0.00015907861665235,5.59033989266547e-05,0.000259268861809697,0.000438756855575868,0.000292048657845951,0,0.00065078745281791,0.000325573823864561,0.000306784660766962,0.000209467951403435,0.000193507812877945,0.00037248572138068,0.000188028831087433,0.000354710556186152,0.00112067013810278,0.000816423471432601,7.88612436418122e-05,0,0.000771594113438364,0.00274366190549086,0.00830663344013291,0.000229260144761406,0.000346458590666707,7.39973360959005e-05,0.00112296462661426,7.60543027721793e-05,9.10028514226779e-05,0.000502411575562701,0.0024745353052886,0.000872118375534173,0,0.000107596298687325,0,0.000738248120042578,0.00224990979135271,0.000168634064080944,0,0,0.00138890919457887,5.49058364904189e-05,0.000343006105508678,0.000123416159289123,8.26548745712278e-05,0.00077306908426453,0.00032761444952151,0,2.94841743694072e-05,0.000583876038625646
"11","6180","Loss of consciousness",0.0260847928560567,0.428029219850781,0,0.0249508613712568,0.0110145240537768,0.0267308143628256,0.00833174330598486,0.00555021880670296,0.00886607559496034,0.0254765878942282,0.011690209449586,0.00894187779433681,0.0171022910616328,0.0162317280961349,0.0179293258573478,0.0245007882291119,0.0181150871673876,0.0116898298480322,0.00951564509215602,0.0169524425752184,0.0265188042430087,0.0303710751665081,0.0198135198135198,0.01040763226366,0.01543391188251,0.0141570141570142,0.013997807572308,0.0123583934088568,0.021155830753354,0.0271513480919976,0.0254080908445706,0.0273163768492084,0.0174092849519744,0.0197392666298139,0.0106935838496902,0.0228067004097373,0.016930244766717,0.0218746906859349,0.0288329245678052,0.013134238913304,0.0192845297322909,0.0136044880785414,0.0212849822625148,0.0188331825817289,0.00842158989409213,0.0271462789427239,0.0206653447896012,0.0181203931203931,0.0190430622009569,0.0400550584996559,0.0134516862551711,0.025430813228716,0.0443965067325424,0.0187677408582401,0.0056785554775729,0.0204196592029292,0.02250285110289,0.0309675046331009,0.0164107863399272,0.0110081112398609,0.012662657885527,0.0130813953488372,0.0155561317085818,0.0171846435100548,0.0175610127739543,0.0922611545248298,0.0230564697569774,0.0180367898420967,0.0185486725663717,0.00837871805613741,0.00982052150355571,0.0112987335485473,0.0100282043246631,0.017238933030647,0.0213493321258773,0.0285302893107902,0.013879578880959,0.010289990645463,0.0112793030400808,0.0235625213428635,0.0412958348166607,0.0204369043330167,0.0841442472810532,0.0298949237827438,0.0229758562605278,0.0173023538806708,0.0170175332160408,0.0528871918542337,0.0620360246302584,0.0571528242100061,0.0214024154479496,0.034430815579944,0.0347682119205298,0.0209113072142293,0.0149215715407637,0.00640809443507589,0.00442332896461337,0.00493630573248408,0.027295720697671,0.0168560918025586,0.0221238938053097,0.013082112884647,0.370831094763814,0.0167498301590648,0.342460556944564,0,0.0102015243318149,0.0270379519425107
"12","6185","Onset date and timing of loss of consciousness",0.0260847928560567,0.428029219850781,0,0.0249508613712568,0.0110145240537768,0.0267308143628256,0.00833174330598486,0.00555021880670296,0.00886607559496034,0.0254765878942282,0.011690209449586,0.00894187779433681,0.0171022910616328,0.0162317280961349,0.0179293258573478,0.0245007882291119,0.0181150871673876,0.0116898298480322,0.00951564509215602,0.0169524425752184,0.0265188042430087,0.0303710751665081,0.0198135198135198,0.01040763226366,0.01543391188251,0.0141570141570142,0.013997807572308,0.0123583934088568,0.021155830753354,0.0271513480919976,0.0254080908445706,0.0273163768492084,0.0174092849519744,0.0197392666298139,0.0106935838496902,0.0228067004097373,0.016930244766717,0.0218746906859349,0.0288329245678052,0.013134238913304,0.0192845297322909,0.0136044880785414,0.0212849822625148,0.0188331825817289,0.00842158989409213,0.0271462789427239,0.0206653447896012,0.0181203931203931,0.0190430622009569,0.0400550584996559,0.0134516862551711,0.025430813228716,0.0443965067325424,0.0187677408582401,0.0056785554775729,0.0204196592029292,0.02250285110289,0.0309675046331009,0.0164107863399272,0.0110081112398609,0.012662657885527,0.0130813953488372,0.0155561317085818,0.0171846435100548,0.0175610127739543,0.0922611545248298,0.0230564697569774,0.0180367898420967,0.0185486725663717,0.00837871805613741,0.00982052150355571,0.0112987335485473,0.0100282043246631,0.017238933030647,0.0213493321258773,0.0285302893107902,0.013879578880959,0.010289990645463,0.0112793030400808,0.0235625213428635,0.0412958348166607,0.0204369043330167,0.0841442472810532,0.0298949237827438,0.0229758562605278,0.0173023538806708,0.0170175332160408,0.0528871918542337,0.0620360246302584,0.0571528242100061,0.0214024154479496,0.034430815579944,0.0347682119205298,0.0209113072142293,0.0149215715407637,0.00640809443507589,0.00442332896461337,0.00493630573248408,0.027295720697671,0.0168560918025586,0.0221238938053097,0.013082112884647,0.370831094763814,0.0167498301590648,0.342460556944564,0,0.0102015243318149,0.0270379519425107
"13","6200","Headache",0.0149984103067417,0.512543218862921,0,0.106879408024049,0.0859024890664651,0.107369162168505,0.0271576671118743,0.0240153698366955,0.0368642090527298,0.040411139418431,0.0209449585971749,0.0412319920516642,0.0314617618586641,0.0229575822796162,0.0377493806232886,0.0180635838150289,0.0276051907196225,0.0502662683465385,0.0436348049721389,0.0384988676803623,0.0355834136933462,0.0413701236917222,0.0475912975912976,0.0467765250072275,0.0446728971962617,0.0439419010847582,0.0415718020069146,0.0149330587023687,0.0214654282765738,0.0300456542337841,0.0298793470546487,0.0215416558525824,0.0191435432230523,0.031232725262576,0.0164901059364381,0.0409134731260545,0.0256578515650633,0.0281104622389389,0.0296504556240155,0.0423491809828206,0.0238805970149254,0.0159887798036466,0.0316909735908553,0.041300555627342,0.0210539747352303,0.0457200487456402,0.0227803480942939,0.0280800280800281,0.0363157894736842,0.0487038311539344,0.0227117065285883,0.0198724059543888,0.187867506349814,0.0144598430455836,0.0338799208830473,0.0241280570811623,0.0271897860977442,0.0610579031505086,0.0166568251156382,0.0214368482039397,0.0271388120008908,0.0167151162790698,0.0547921527957826,0.0216697135892748,0.0319856769179978,0.211620872195614,0.0929882300440676,0.0377340061859027,0.0202241887905605,0.0236698785085882,0.0282037637269605,0.014030295505339,0.0155437167032278,0.0130533484676504,0.0190740321485171,0.064304481422655,0.0156342415519893,0.01820536806505,0.0241579102425611,0.0438750397418838,0.0848463272813575,0.0136246028886778,0.0190250956526979,0.0142074885304129,0.0266816395283549,0.0202684716887858,0.0178062245950373,0.150489013933548,0.192208091154975,0.17209802610541,0.120203789205541,0.102108887454272,0.00910596026490066,0.0385090821687326,0.0235285377708913,0.0192242833052277,0.020478374836173,0.0227707006369427,0.0163745083992456,0.0232800746719376,0.0202030596144611,0.0164966266249794,0.14237302144894,0.0240354206198608,0.122027761013881,0.0116136919315403,0.0214644789409285,0.0240736582079497
"14","6205","Onset date and timing of headache",0.0149984103067417,0.512543218862921,0,0.106879408024049,0.0859024890664651,0.107369162168505,0.0271576671118743,0.0240153698366955,0.0368642090527298,0.040411139418431,0.0209449585971749,0.0412319920516642,0.0314617618586641,0.0229575822796162,0.0377493806232886,0.0180635838150289,0.0276051907196225,0.0502662683465385,0.0436348049721389,0.0384988676803623,0.0355834136933462,0.0413701236917222,0.0475912975912976,0.0467765250072275,0.0446728971962617,0.0439419010847582,0.0415718020069146,0.0149330587023687,0.0214654282765738,0.0300456542337841,0.0298793470546487,0.0215416558525824,0.0191435432230523,0.031232725262576,0.0164901059364381,0.0409134731260545,0.0256578515650633,0.0281104622389389,0.0296504556240155,0.0423491809828206,0.0238805970149254,0.0159887798036466,0.0316909735908553,0.041300555627342,0.0210539747352303,0.0457200487456402,0.0227803480942939,0.0280800280800281,0.0363157894736842,0.0487038311539344,0.0227117065285883,0.0198724059543888,0.187867506349814,0.0144598430455836,0.0338799208830473,0.0241280570811623,0.0271897860977442,0.0610579031505086,0.0166568251156382,0.0214368482039397,0.0271388120008908,0.0167151162790698,0.0547921527957826,0.0216697135892748,0.0319856769179978,0.211620872195614,0.0929882300440676,0.0377340061859027,0.0202241887905605,0.0236698785085882,0.0282037637269605,0.014030295505339,0.0155437167032278,0.0130533484676504,0.0190740321485171,0.064304481422655,0.0156342415519893,0.01820536806505,0.0241579102425611,0.0438750397418838,0.0848463272813575,0.0136246028886778,0.0190250956526979,0.0142074885304129,0.0266816395283549,0.0202684716887858,0.0178062245950373,0.150489013933548,0.192208091154975,0.17209802610541,0.120203789205541,0.102108887454272,0.00910596026490066,0.0385090821687326,0.0235285377708913,0.0192242833052277,0.020478374836173,0.0227707006369427,0.0163745083992456,0.0232800746719376,0.0202030596144611,0.0164966266249794,0.14237302144894,0.0240354206198608,0.122027761013881,0.0116136919315403,0.0214644789409285,0.0240736582079497
"15","6265","Diagnosis of coagulopathies",0.00221174714200799,0.000779889255725687,0.00832390861795974,0.00254364666435426,0.00145780465417634,0.00294531800046937,0.00089041531514342,0.00042693990820792,0.00171099704464147,0.00386541333567601,0.00389673648319532,0.000496770988574267,0.00129073894804776,0.00170388305981526,0.00221671665145391,0.00259458749343142,0.00317210643596802,0.000519547993245876,0.000171453064723532,0.00103526366871563,0.0014946962391514,0.0023977164605138,0,0.000867302688638335,0.000907877169559413,0.00165471594043023,0.000590268994012986,0.0033470648815654,0.00113519091847265,0.0141786544922043,0.00418736692689851,0.00960290682584999,0.00420224119530416,0.00405380504882992,0.00509694183489906,0.00349481802844059,0.00196863311240895,0.00386023953281204,0.00454627026380331,0.00084898122253296,0.0029376924899313,0.00210378681626928,0.00141899881750099,0.00247124951544127,0.00165879800944239,0.00235323780308442,0.0030403172504957,0.00188662688662689,0.00334928229665072,0.0134893324156917,0.000328758116215994,0.00353450172325291,0.0045405518249191,0.0592419435631992,0.000638039941300325,0.00314509693470403,0.00317098272648883,0.00642268026652708,7.38116327133156e-05,0.00231749710312862,0.0023225478031243,0.000279516994633274,0.00293838043384323,0.00333942717854966,0.00132056784417299,0.000126039828585833,0.00273330730183522,0.000813934559661403,0.00259587020648968,0.000628403854210306,0.00212858594165739,0.00136578097839583,0.00137887809464118,0.00170261066969353,0.00790129046864388,0.00366648358988822,0.000374590907298608,0.000503705835791898,0.00402631837376019,0.00514583799441847,0.0215972469443456,0.00266924311400779,0.00584460579037749,0.00299689211188397,0.00693992139247614,0.00406890519831159,0.000212339986652915,0.000971329046087889,0.00460378661449042,0.00892467804296636,6.82329929265131e-05,0.000322788896061975,0,0.00393160045325001,0.00774733088531828,0,0,0,0.00407900700302636,0.000933399220337122,0.00195513480139946,0.000905051834786901,0.00140513286771087,0.0017569751915103,0.00332787309250797,0.000611246943765281,0.000339068005248183,0.00485066247473613
"16","6270","Onset date and timing of diagnosis of coagulopathies",0.00221174714200799,0.000779889255725687,0.00832390861795974,0.00254364666435426,0.00145780465417634,0.00294531800046937,0.00089041531514342,0.00042693990820792,0.00171099704464147,0.00386541333567601,0.00389673648319532,0.000496770988574267,0.00129073894804776,0.00170388305981526,0.00221671665145391,0.00259458749343142,0.00317210643596802,0.000519547993245876,0.000171453064723532,0.00103526366871563,0.0014946962391514,0.0023977164605138,0,0.000867302688638335,0.000907877169559413,0.00165471594043023,0.000590268994012986,0.0033470648815654,0.00113519091847265,0.0141786544922043,0.00418736692689851,0.00960290682584999,0.00420224119530416,0.00405380504882992,0.00509694183489906,0.00349481802844059,0.00196863311240895,0.00386023953281204,0.00454627026380331,0.00084898122253296,0.0029376924899313,0.00210378681626928,0.00141899881750099,0.00247124951544127,0.00165879800944239,0.00235323780308442,0.0030403172504957,0.00188662688662689,0.00334928229665072,0.0134893324156917,0.000328758116215994,0.00353450172325291,0.0045405518249191,0.0592419435631992,0.000638039941300325,0.00314509693470403,0.00317098272648883,0.00642268026652708,7.38116327133156e-05,0.00231749710312862,0.0023225478031243,0.000279516994633274,0.00293838043384323,0.00333942717854966,0.00132056784417299,0.000126039828585833,0.00273330730183522,0.000813934559661403,0.00259587020648968,0.000628403854210306,0.00212858594165739,0.00136578097839583,0.00137887809464118,0.00170261066969353,0.00790129046864388,0.00366648358988822,0.000374590907298608,0.000503705835791898,0.00402631837376019,0.00514583799441847,0.0215972469443456,0.00266924311400779,0.00584460579037749,0.00299689211188397,0.00693992139247614,0.00289006350534281,0.000212339986652915,0.000971329046087889,0.00460378661449042,0.00892467804296636,6.82329929265131e-05,0.000322788896061975,0,0.00393160045325001,0.00774733088531828,0,0,0,0.00407900700302636,0.000933399220337122,0.00195513480139946,0.000905051834786901,0.00140513286771087,0.0017569751915103,0.00332787309250797,0.000611246943765281,0.000339068005248183,0.00485066247473613
"17","6275","Diagnosis of Thrombocytopenia",0.00175557429396884,0.000545922479007981,0.00140239764759104,0.00147993987744248,0.000593920414664435,0.00141985449425018,0.000699612033326973,0.00010673497705198,0.00171099704464147,0.00298691030484055,0.00194836824159766,0.000496770988574267,0.00121006776379477,0.00125549278091651,0.00162993871430434,0.00154361534419338,0.0027526543452615,0.000519547993245876,8.5726532361766e-05,0.000776447751536719,0.00135004821600771,0.00235965746907707,0,0.000751662330153223,0.000881174899866489,0.000919286633572348,0.000505944852011131,0.00308959835221421,0.000722394220846233,0.00329055043500732,0.00298083747338538,0.00720218011938749,0.0032017075773746,0.00354707941772618,0.00339796122326604,0.00316341287057122,0.00137804317868627,0.00356329803028803,0.00285138880580646,0.000649220934878146,0.00270078180525942,0.00168302945301543,0.00086716594402838,0.00214821036309601,0.00114839862192165,0.00214312728495188,0.0020709407358449,0.000965250965250965,0.0023444976076555,0.0120211057582014,0.000246568587161996,0.00152526215443279,0.00365331756027974,0.00190348973117382,0.000446627958910228,0.00197155330235178,0.00223915885510834,0.00478164301781091,7.38116327133156e-05,0.0015063731170336,0.00222710063313289,0.000167710196779964,0.0025062656641604,0.00253503960999391,0.000901541509002717,0.000126039828585833,0.00215689555791079,0.000651147647729123,0.00113274336283186,0.000209467951403435,0.0015722509796333,0.000620809535634467,0.000626762770291445,0.00127695800227015,0.00567127009282318,0.0024492704142978,0.00025629904183589,0.000359789882708498,0.00293205763106578,0.00454529397218657,0.0166132668802658,0.00121180362231029,0.0035248395746091,0.00162794139410981,0.00464907355418304,0.00133095029851314,0.000212339986652915,0.000703376205787781,0.00270472463601312,0.00662809965405971,6.82329929265131e-05,0.000322788896061975,0,0.00363973491741922,0.00593254515738756,0,0,0,0.00179827190456001,0.000658870037885027,0.00116622075872951,0.000575942076682574,0.00074389387114105,0.00149928549675545,0.00131045779808604,0.000611246943765281,0.000309583830878776,0.00381765102178307
"18","6280","Onset date and timing of diagnosis of Thrombocytopenia",0.00175557429396884,0.000545922479007981,0.00140239764759104,0.00147993987744248,0.000593920414664435,0.00141985449425018,0.000699612033326973,0.00010673497705198,0.00171099704464147,0.00298691030484055,0.00194836824159766,0.000496770988574267,0.00121006776379477,0.00125549278091651,0.00162993871430434,0.00154361534419338,0.0027526543452615,0.000519547993245876,8.5726532361766e-05,0.000776447751536719,0.00135004821600771,0.00235965746907707,0,0.000751662330153223,0.000881174899866489,0.000919286633572348,0.000505944852011131,0.00308959835221421,0.000722394220846233,0.00329055043500732,0.00298083747338538,0.00720218011938749,0.0032017075773746,0.00354707941772618,0.00339796122326604,0.00316341287057122,0.00137804317868627,0.00356329803028803,0.00285138880580646,0.000649220934878146,0.00270078180525942,0.00168302945301543,0.00086716594402838,0.00214821036309601,0.00114839862192165,0.00214312728495188,0.0020709407358449,0.000965250965250965,0.0023444976076555,0.0120211057582014,0.000246568587161996,0.00152526215443279,0.00365331756027974,0.00190348973117382,0.000446627958910228,0.00197155330235178,0.00223915885510834,0.00478164301781091,7.38116327133156e-05,0.0015063731170336,0.00222710063313289,0.000167710196779964,0.0025062656641604,0.00253503960999391,0.000901541509002717,0.000126039828585833,0.00215689555791079,0.000651147647729123,0.00113274336283186,0.000209467951403435,0.0015722509796333,0.000620809535634467,0.000626762770291445,0.00127695800227015,0.00567127009282318,0.0024492704142978,0.00025629904183589,0.000359789882708498,0.00293205763106578,0.00454529397218657,0.0166132668802658,0.00121180362231029,0.0035248395746091,0.00162794139410981,0.00464907355418304,0.00133095029851314,0.000212339986652915,0.000703376205787781,0.00270472463601312,0.00662809965405971,6.82329929265131e-05,0.000322788896061975,0,0.00363973491741922,0.00593254515738756,0,0,0,0.00179827190456001,0.000658870037885027,0.00116622075872951,0.000575942076682574,0.00074389387114105,0.00149928549675545,0.00131045779808604,0.000611246943765281,0.000309583830878776,0.00381765102178307
"19","6325","Date and time of patient arrival to Emergency Department (ED)",1,1,1,1,1,1,1,1,1,1,1,1,1,1,1,1,1,1,1,1,1,1,1,1,1,1,1,1,1,1,1,1,1,1,1,1,1,1,1,1,1,1,1,1,1,1,1,1,1,1,1,1,1,1,1,1,1,1,1,1,1,1,1,1,1,1,1,1,1,1,1,1,1,1,1,1,1,1,1,1,1,1,1,1,1,1,1,1,1,1,1,1,1,1,1,1,1,1,1,1,1,1,1,1,1,1,1,1
"20","6360","Dangerous mechanism of injury",0,0.00194972313931422,0,0.010752688172043,0.00259165271853572,0.00867167331612298,0.0155822680150099,0.0102465577969901,0.0102659822678488,0.00571026970043047,0.011690209449586,0.0153999006458023,0.0227492739593417,0.00771231279705856,0.00951884209153736,0.0026602732527588,0.000340804823699043,0.000389660994934407,0.00042863266180883,0.00122937560659981,0.00154291224686596,0.000875356803044719,0,0.000173460537727667,0.000560747663551402,0.00018385732671447,0.00118053798802597,0.000772399588053553,0,0.00110259281591868,0.0114975159687722,0.00162211263950169,0.000200106723585912,0.0141652846876727,0,0.000723065798987708,0.00216549642364985,0.0108878550925468,0.000697892365057526,9.98801438274071e-05,0.00165837479270315,0.000981767180925666,0.00134016554986204,0.000742990050394108,0.000255199693760367,0.000462243139891583,0.000837188808107513,0.00557213057213057,4.78468899521531e-05,0.0182381280110117,8.21895290539985e-05,0.00337317591845714,0.00688911311367037,0,6.38039941300325e-05,9.38834905881801e-05,0.000194709465661595,0.0027303464569157,7.38116327133156e-05,0.00139049826187717,0,0.000167710196779964,0.00337049520352606,0.00594759293113955,0.00297127764938924,0.00100831862868667,0.00671240772763615,0,0.00382300884955752,0.000209467951403435,0.00176575879251125,0,0,0,0.00464115915779941,0.00399305297846126,3.94306218209061e-05,0,0.00575188339108598,0.00514583799441847,0.0135279458882164,0.00350440506992434,0.00789323050040671,0.00514281485866509,0.000157215047725997,0,3.03342838075593e-05,0.000602893890675241,0.00776888991195258,0.00595947556615018,0,0,0,0.00509906259657316,0.0106446203807866,0,0,0,0.00831883507068817,0,0,0,0.013596726866967,0,0.0115527200620743,0.000611246943765281,0.000206389220585851,0.0036379968560521
"21","6365","Onset date and timing of dangerous mechanism of injury",0,0.00194972313931422,0,0.010752688172043,0.00259165271853572,0.00867167331612298,0.0155822680150099,0.0102465577969901,0.0102659822678488,0.00571026970043047,0.011690209449586,0.0153999006458023,0.0227492739593417,0.00771231279705856,0.00951884209153736,0.0026602732527588,0.000340804823699043,0.000389660994934407,0.00042863266180883,0.00122937560659981,0.00154291224686596,0.000875356803044719,0,0.000173460537727667,0.000560747663551402,0.00018385732671447,0.00118053798802597,0.000772399588053553,0,0.00110259281591868,0.0114975159687722,0.00162211263950169,0.000200106723585912,0.0141652846876727,0,0.000723065798987708,0.00216549642364985,0.0108878550925468,0.000697892365057526,9.98801438274071e-05,0.00165837479270315,0.000981767180925666,0.00134016554986204,0.000742990050394108,0.000255199693760367,0.000462243139891583,0.000837188808107513,0.00557213057213057,4.78468899521531e-05,0.0182381280110117,8.21895290539985e-05,0.00337317591845714,0.00688911311367037,0,6.38039941300325e-05,9.38834905881801e-05,0.000194709465661595,0.0027303464569157,7.38116327133156e-05,0.00139049826187717,0,0.000167710196779964,0.00337049520352606,0.00594759293113955,0.00297127764938924,0.00100831862868667,0.00671240772763615,0,0.00382300884955752,0.000209467951403435,0.00176575879251125,0,0,0,0.00464115915779941,0.00399305297846126,3.94306218209061e-05,0,0.00575188339108598,0.00514583799441847,0.0135279458882164,0.00350440506992434,0.00789323050040671,0.00514281485866509,0.000157215047725997,0,3.03342838075593e-05,0.000602893890675241,0.00776888991195258,0.00595947556615018,0,0,0,0.00509906259657316,0.0106446203807866,0,0,0,0.00831883507068817,0,0,0,0.013596726866967,0,0.0115527200620743,0.000611246943765281,0.000206389220585851,0.0036379968560521
"22","6370","Physical signs of basilar skull fracture",4.14702589126498e-05,2.59963085241896e-05,0,0.000208116545265349,0.000377949354786459,0.000199483689274818,0,0,0,0,0,0,8.06711842529848e-05,0,0,9.85286389910667e-05,5.24315113383143e-05,0,0,0,0,0,0,0,0,0,0,0,0.000103199174406605,0.0002928762167284,0.00021291696238467,0,0,0.000138197899391929,0,0.000241021932995903,0,0,0.000319036509740583,0,0,0,0,0,0,4.20221036265075e-05,8.81251376955277e-05,8.77500877500877e-05,0,6.88231245698555e-05,0,0.000190657769304099,0.00182665878013987,3.339455668726e-05,0,0.00014082523588227,6.95390948791411e-05,0.000240496838173922,0.000123019387855526,0,0,5.59033989266547e-05,0,4.8750761730652e-05,0.000304746425578383,0,9.29696361168442e-05,0,2.35988200589971e-05,0,0,0,0.000125352554058289,0.000141884222474461,0.000158478605388273,0.00032656938857304,1.97153109104531e-05,0,1.40289838806975e-05,0.000659420887156601,0.000474664768007595,6.55028985032588e-05,6.0253667942036e-05,0,0.000179674340258282,3.80271513860897e-05,6.06685676151186e-05,0.00267952840300107,0.00172641998043391,0.00395360330242158,0.00231992175950144,0.000753174090811276,0,0.000103011365587336,8.49022562774606e-05,0,0,0,0.000116960774280326,0,6.86012211017356e-05,8.2277439526082e-05,0.371781625821383,9.37053435472158e-05,0.34232261401845,0,1.47420871847036e-05,0.000359308331461936
"23","6375","Onset date and timing of physical signs of basilar skull fracture",4.14702589126498e-05,2.59963085241896e-05,0,0.000208116545265349,0.000377949354786459,0.000199483689274818,0,0,0,0,0,0,8.06711842529848e-05,0,0,9.85286389910667e-05,5.24315113383143e-05,0,0,0,0,0,0,0,0,0,0,0,0.000103199174406605,0.0002928762167284,0.00021291696238467,0,0,0.000138197899391929,0,0.000241021932995903,0,0,0.000319036509740583,0,0,0,0,0,0,4.20221036265075e-05,8.81251376955277e-05,8.77500877500877e-05,0,6.88231245698555e-05,0,0.000190657769304099,0.00182665878013987,3.339455668726e-05,0,0.00014082523588227,6.95390948791411e-05,0.000240496838173922,0.000123019387855526,0,0,5.59033989266547e-05,0,4.8750761730652e-05,0.000304746425578383,0,9.29696361168442e-05,0,2.35988200589971e-05,0,0,0,0.000125352554058289,0.000141884222474461,0.000158478605388273,0.00032656938857304,1.97153109104531e-05,0,1.40289838806975e-05,0.000659420887156601,0.000474664768007595,6.55028985032588e-05,6.0253667942036e-05,0,0.000179674340258282,3.80271513860897e-05,6.06685676151186e-05,0.00267952840300107,0.00172641998043391,0.00395360330242158,0.00231992175950144,0.000753174090811276,0,0.000103011365587336,8.49022562774606e-05,0,0,0,0.000116960774280326,0,6.86012211017356e-05,8.2277439526082e-05,0.371781625821383,9.37053435472158e-05,0.34232261401845,0,1.47420871847036e-05,0.000359308331461936
"24","6380","Signs of Altered Mental Status",0,0,0,0,0,0,0,0,0,0,0,0,0,0,0,0,0,0,0,0,0,0,0,0,0,0,0,0,0,0.000103368076492377,0,0,0,0,0,0,0,0,0,0,0,0,0,0,0,0,0,0,0,0,0,0,0,0,0,0,0,0,0,0,0,0,0,0,0,0,0,0,0,0,0,0,0,0,0,0,0,0,0,0,0,0,0,0,0,0,0,0,0,0,0,0,0,0,0,0,0,0,0,0,0,0,0,0,0,0,0,0
"25","6385","Onset date and timing of signs of altered mental status",0,0,0,0,0,0,0,0,0,0,0,0,0,0,0,0,0,0,0,0,0,0,0,0,0,0,0,0,0,0.000103368076492377,0,0,0,0,0,0,0,0,0,0,0,0,0,0,0,0,0,0,0,0,0,0,0,0,0,0,0,0,0,0,0,0,0,0,0,0,0,0,0,0,0,0,0,0,0,0,0,0,0,0,0,0,0,0,0,0,0,0,0,0,0,0,0,0,0,0,0,0,0,0,0,0,0,0,0,0,0,0
"26","6390","Vomiting",0.0281583058016892,0.422206046741363,0,0.139183720661348,0.114680632795205,0.151372917155597,0.0346625961966546,0.0335147827943217,0.0511743661533676,0.0392690854783449,0.017535314174379,0.0516641828117238,0.0389641819941917,0.0470809792843691,0.0426391967662016,0.0438780872306884,0.0420238563376589,0.0424730484478504,0.0481783111873125,0.0403105791006147,0.0264705882352941,0.0441103710751665,0.0407925407925408,0.0492049725354149,0.0432843791722296,0.0305203162346019,0.0414031537229109,0.0239443872296601,0.0444788441692466,0.0358170385046085,0.0559971611071682,0.0276407993771087,0.024346318036286,0.0409065782200111,0.0162902258644813,0.0651060496505182,0.0381258612769867,0.0342472532911017,0.0549939183665331,0.0628745505393528,0.0361999526178631,0.0316970546984572,0.0528971225857312,0.0649631735366326,0.0287099655480413,0.0610581165693155,0.0463978849966953,0.0358459108459108,0.0444976076555024,0.0718972241339757,0.00608202514999589,0.0521082349490357,0.256967398489962,0.0226749039906495,0.0358578447010783,0.0345960662817444,0.0434897499374148,0.0844709776903815,0.0103582324574353,0.0423522595596756,0.027488784957526,0.00927996422182469,0.0315443781868464,0.0452407068860451,0.046080199100998,0.166246533904714,0.148677042078057,0.0728308643985024,0.0491563421828909,0.0318391286133222,0.0374195733152726,0.0165135336478768,0.0284550297712316,0.0126986379114642,0.0883291827031922,0.100583371680496,0.0259453491581562,0,0.0375415608647466,0.0406368121710255,0.0923222973774772,0.0329479579471392,0.0343445907269605,0.0656356371170638,0.0298259404828748,0.0269232231813515,0.0116180306982952,0.189878081457663,0.231512919376187,0.25742027384517,0.190961402870335,0.1307295029051,0.0529801324503311,0.0454623493458778,0.028017744571562,0.0220910623946037,0.0199868938401048,0.0224522292993631,0.018655243497712,0,0,0,0.0207050460800926,0,0.030916458315372,0.0199674001629992,0.0218772573821002,0.044733887267011
"27","6395","Onset date and timing of vomiting",0.0281583058016892,0.422206046741363,0,0.139183720661348,0.114680632795205,0.151372917155597,0.0346625961966546,0.0335147827943217,0.0511743661533676,0.0392690854783449,0.017535314174379,0.0516641828117238,0.0389641819941917,0.0470809792843691,0.0426391967662016,0.0438780872306884,0.0420238563376589,0.0424730484478504,0.0481783111873125,0.0403105791006147,0.0264705882352941,0.0441103710751665,0.0407925407925408,0.0492049725354149,0.0432843791722296,0.0305203162346019,0.0414031537229109,0.0239443872296601,0.0444788441692466,0.0358170385046085,0.0559971611071682,0.0276407993771087,0.024346318036286,0.0409065782200111,0.0162902258644813,0.0651060496505182,0.0381258612769867,0.0342472532911017,0.0549939183665331,0.0628745505393528,0.0361999526178631,0.0316970546984572,0.0528971225857312,0.0649631735366326,0.0287099655480413,0.0610581165693155,0.0463978849966953,0.0358459108459108,0.0444976076555024,0.0718972241339757,0.00608202514999589,0.0521082349490357,0.256967398489962,0.0226749039906495,0.0358578447010783,0.0345960662817444,0.0434897499374148,0.0844709776903815,0.0103582324574353,0.0423522595596756,0.027488784957526,0.00927996422182469,0.0315443781868464,0.0452407068860451,0.046080199100998,0.166246533904714,0.148677042078057,0.0728308643985024,0.0491563421828909,0.0318391286133222,0.0374195733152726,0.0165135336478768,0.0284550297712316,0.0126986379114642,0.0883291827031922,0.100583371680496,0.0259453491581562,0,0.0375415608647466,0.0406368121710255,0.0923222973774772,0.0329479579471392,0.0343445907269605,0.0656356371170638,0.0298259404828748,0.0269232231813515,0.0116180306982952,0.189878081457663,0.231512919376187,0.25742027384517,0.190961402870335,0.1307295029051,0.0529801324503311,0.0454623493458778,0.028017744571562,0.0220910623946037,0.0199868938401048,0.0224522292993631,0.018655243497712,0,0,0,0.0207050460800926,0,0.030916458315372,0.0199674001629992,0.0218772573821002,0.044733887267011
"28","8300","Patient has documented severe condition",0,0,0,0,0,0,0,0,0,0,0,0,0,0,0,0,0,0,0,0,0,0,0,0,0,0,0,0,0,0,0,0,0,0,0,0,0,0,0,0,0,0,0,0,0,0,0,0,0,0,0,0,0,0,0,0,0,0,0,0,0,0,0,0,0,0,0,0,0,0,0,0,0,0,0,0,0,0,0,0,0,0,0,0,0,0,0,0,0,0,0,0,0,0,0,0,0,0,0,0,0,0,0.363598793238831,0,0.330511250969911,0,0,0
"29","8500","Emergency Department Visit",0.928477626795317,0.985520056152026,1,0.952896288588276,0.984342098158847,0.977071110068059,0.999872797812122,1,0.999844454814124,0.997715892119828,0.994154895275207,0.999503229011426,0.997176508551145,0.997847726661286,0.99941322206285,0.971525223331582,0.97666797745445,0.988440057150279,0.983454779254179,0.950242639922355,0.929218900675024,0.958972407231208,0.97979797979798,0.986816999132697,0.96502002670227,0.979407979407979,0.979509233493549,0.977342945417096,0.97234262125903,0.926625893703161,0.979347054648687,0.96197767973008,0.965448239060832,0.985604385480007,0.966120327803318,0.965262713906965,0.997768882472603,0.994754033455409,0.900321030487926,0.965141829804235,0.970386164416015,0.965217391304348,0.945132045723295,0.932743248481716,0.986602016077581,0.941631298062781,0.927649261951972,0.98955773955774,0.971483253588517,0.983413626978665,0.92778280047122,0.920173058590599,0.965119515674472,0.965470028385373,0.990301792892235,0.965920292916491,0.951419988317432,0.943723739867302,0.91095856707017,0.95811123986095,0.985682924501289,0.939065295169946,0.967245700458042,0.972236441194394,0.949894608527821,0,0.966177646380692,0.947061696239622,0.949616519174041,0.987431922915794,0.960161579023753,0.96920784703253,0.979755562519586,0.955093643586833,0.954505320353181,0.932073567176808,0.938981112732148,0.987983017917536,0.947251020608577,0.949754483473264,0.972232111071556,0.969541152195985,0.924984183412165,0.974396921710818,0.916878158338012,0.968513518652318,0.951131468786022,0.942289657020364,0.958968751798354,0.971859647082764,0.978688561875952,0.974284484613729,0.807119205298013,0.973920955945473,0.937501326597754,0,0,0,0.969239316364274,0.978367100422775,0.965459285175276,0.963304261971367,0.954746456172253,0.971185606859231,0.945357358392965,0,0.953724588327215,0.970446889737256
"30","8505","Date and Time of arrival (onset) to Emergency Department",1,1,1,1,1,1,1,1,1,1,1,1,1,1,1,1,1,1,1,1,1,1,1,1,1,1,1,1,1,1,1,1,1,1,1,1,1,1,1,1,1,1,1,1,1,1,1,1,1,1,1,1,1,1,1,1,1,1,1,1,1,1,1,1,1,1,1,1,1,1,1,1,1,1,1,1,1,1,1,1,1,1,1,1,1,1,1,1,1,1,1,1,1,1,1,1,1,1,1,1,1,1,1,1,1,1,1,1
"31","8506","Date and Time of departure (abatement) from Emergency Department",1,1,1.00004523863379,1,1,1,1,1,1,1,1.0014612761812,1.01689021361152,1,1.0509371356829,1.03461989829182,1,1.00036702057937,1.00012988699831,1,1,1,1.00007611798287,1,1,1.00008010680908,1,1,1,1,1,1,1.00012976901116,1,1,1,1,1,1,1,1.00039952057531,1.00009476427387,1,1.00007883326764,1.00184132316837,1.00038279954064,1.00042022103627,1.00013218770654,1,1,1,1.00005479301937,1,1,1,1,1,1,1,1.00009841551028,1.00017381228273,1,1.00134168157424,1.00008642295394,1,1,1,1,1,1,1.0002094679514,1,1,1,1,1,1,1,1,1,1,1,1.00001637572463,1.00004519025096,1.00510581619062,1,1,1,1,1,1,1,1,1,1,1,1,1,1,1.00001462009678,1,1,1,1,1,1,1,1,1
